loss,mae,val_loss,val_mae
1.9653624296188354,1.0064852237701416,0.7913548350334167,0.6818463206291199
0.7543808817863464,0.6711901426315308,0.7744745016098022,0.6734126210212708
0.7107419967651367,0.6498907804489136,0.7748425006866455,0.6709153056144714
0.6813188195228577,0.632244348526001,0.772756040096283,0.6692782640457153
0.6513952016830444,0.6186421513557434,0.7742932438850403,0.6679602861404419
0.6193097829818726,0.6013174057006836,0.7826291918754578,0.6719122529029846
